{"gioco":
[{"benvenuto":
	["ARRR! Benvenuta a bordo, piccola ciurma! Siamo in 5 nel nostro equipaggio!", 
		" Io sono Cippy, il miglior pappagallo pirata sulla terra, per tutti i bucanieri!", 
		"Devo trovare il tesoro che il pirata Azzurro ha nascosto su un isola in mezzo al mare!",
		"Tu e i tuoi compagni mi aiuterete in questa avventura?", 
		"Corpo di mille balene! STRABILIANTE! Tu sei il pirata che mi mancava!", 
		"Per non creare guazzabugli, vi accompagnerò e vi darò suggerimenti per acciuffare il bottino!",
		"ALL'ARREMBAGGIO, PIRATI!!!"],
	"immagine": "cippy.png"
},
{"benvenuto":
	["AHOY! Corpo di mille balene! Ero sicuro di trovarvi qui! Mi hanno a lungo parlato di voi, i migliori pirati in circolazione!",
	"Sono il CAPITANO! Per tutti i bucanieri, sto per iniziare un'avventura...voglio conquistare il bottino segreto! ",
	"Ho bisogno di voi, però...",
	"ARRR...Siete disposti ad aiutarmi? Sarò con voi per tutto il viaggio... per darvi consigli da veri pirati!",
	"STRABILIANTE! Salite a bordo CIURMA!"],
"immagine": "capitano.png"
},
{"benvenuto":
	["Signori, ricorderete questo giorno come il giorno in cui avete quasi catturato Capitan Jack Sparrow...", 
	"Sto scherzando, nessuno può avvicinarsi a me...",
	"MMMH, tranne i pirati come TE... ho bisogno di una nave e tu ne hai una...",
	"Lo confesso. È mia intenzione requisire la tua nave...",
	"prendere una ciurma a Tortuga, razziare, predare, saccheggiare... il bottino!",
	"Ho scelto te come mio compagno... accetti?",
	"Siamo in un sogno? No!!! Ora che hai accettato, ricorda...",
	"Ogni uomo che indietro rimane, indietro viene lasciato, ma io ti accompagnerò per tutto il viaggio!"],
"immagine": "jacksparrow.png"
}]}
